rank	movie	year	director	director_2	director_3	director_4	decade
1	Vertigo	1958	ALFRED HITCHCOCK				1950s
2	Citizen Kane	1941	ORSON WELLES				1940s
3	Tokyo Story	1953	YASUJIRÔ OZU				1950s
4	2001: A Space Odyssey	1968	STANLEY KUBRICK				1960s
5	The Rules of the Game	1939	JEAN RENOIR				1930s
6	Sunrise: A Song of Two Humans	1927	F.W. MURNAU				1920s
7	8½	1963	FEDERICO FELLINI				1960s
8	The Searchers	1956	JOHN FORD				1950s
9	Apocalypse Now	1979	FRANCIS FORD COPPOLA				1970s
10	Breathless	1960	JEAN-LUC GODARD				1960s
11	Man With a Movie Camera	1929	DZIGA VERTOV				1920s
12	The Passion of Joan of Arc	1928	CARL THEODOR DREYER				1920s
13	The Mirror	1975	ANDREI TARKOVSKY				1970s
14	L'Atalante	1934	JEAN VIGO				1930s
15	The Godfather	1972	FRANCIS FORD COPPOLA				1970s
16	Persona	1966	INGMAR BERGMAN				1960s
17	Taxi Driver	1976	MARTIN SCORSESE				1970s
18	Battleship Potemkin	1925	SERGEI EISENSTEIN				1920s
19	Seven Samurai	1954	AKIRA KUROSAWA				1950s
20	Au hasard Balthazar	1966	ROBERT BRESSON				1960s
21	Bicycle Thieves	1948	VITTORIO DE SICA				1940s
22	Andrei Rublev	1966	ANDREI TARKOVSKY				1960s
23	Rashômon	1950	AKIRA KUROSAWA				1950s
24	Ordet	1955	CARL THEODOR DREYER				1950s
25	The 400 Blows	1959	FRANÇOIS TRUFFAUT				1950s
26	L'avventura	1960	MICHELANGELO ANTONIONI				1960s
27	Singin' in the Rain	1952	STANLEY DONEN	GENE KELLY			1950s
28	Contempt	1963	JEAN-LUC GODARD				1960s
29	Late Spring	1949	YASUJIRÔ OZU				1940s
30	Raging Bull	1980	MARTIN SCORSESE				1980s
31	Stalker	1979	ANDREI TARKOVSKY				1970s
32	The Godfather: Part II	1974	FRANCIS FORD COPPOLA				1970s
33	In the Mood for Love	2000	WONG KAR-WAI				2000s
34	Shoah	1985	CLAUDE LANZMANN				1980s
35	Mulholland Drive	2001	DAVID LYNCH				2000s
36	La dolce vita	1960	FEDERICO FELLINI				1960s
37	Psycho	1960	ALFRED HITCHCOCK				1960s
38	The Battle of Algiers	1966	GILLO PONTECORVO				1960s
39	Close-Up	1990	ABBAS KIAROSTAMI				1990s
40	Barry Lyndon	1975	STANLEY KUBRICK				1970s
41	PlayTime	1967	JACQUES TATI				1960s
42	Some Like It Hot	1959	BILLY WILDER				1950s
43	City Lights	1931	CHARLIE CHAPLIN				1930s
44	Fanny and Alexander (Television Version)	1983	INGMAR BERGMAN				1980s
45	The General	1926	BUSTER KEATON	CLYDE BRUCKMAN			1920s
46	Pather Panchali	1955	SATYAJIT RAY				1950s
47	Modern Times	1936	CHARLIE CHAPLIN				1930s
48	Gertrud	1964	CARL THEODOR DREYER				1960s
49	Journey to Italy	1954	ROBERTO ROSSELLINI				1950s
50	Touch of Evil	1958	ORSON WELLES				1950s
51	Jeanne Dielman, 23, Quai du Commerce, 1080 Bruxelles	1975	CHANTAL AKERMAN				1970s
52	Sátántangó	1994	BÉLA TARR				1990s
53	Rear Window	1954	ALFRED HITCHCOCK				1950s
54	Metropolis	1927	FRITZ LANG				1920s
55	The Night of the Hunter	1955	CHARLES LAUGHTON				1950s
56	Pierrot le Fou	1965	JEAN-LUC GODARD				1960s
57	Ugetsu	1953	KENJI MIZOGUCHI				1950s
58	Pickpocket	1959	ROBERT BRESSON				1950s
59	M	1931	FRITZ LANG				1930s
60	North by Northwest	1959	ALFRED HITCHCOCK				1950s
61	L'Eclisse	1962	MICHELANGELO ANTONIONI				1960s
62	Histoire(s) du cinéma: Toutes les histoires	1989	JEAN-LUC GODARD				1980s
63	Once Upon a Time in the West	1968	SERGIO LEONE				1960s
64	Blue Velvet	1986	DAVID LYNCH				1980s
65	La jetée	1962	CHRIS MARKER				1960s
66	Sunset Blvd.	1950	BILLY WILDER				1950s
67	The Mother and the Whore	1973	JEAN EUSTACHE				1970s
68	Blade Runner	1982	RIDLEY SCOTT				1980s
69	Lawrence of Arabia	1962	DAVID LEAN				1960s
70	The Leopard	1963	LUCHINO VISCONTI				1960s
71	Sans soleil	1983	CHRIS MARKER				1980s
72	Rio Bravo	1959	HOWARD HAWKS				1950s
73	Viridiana	1961	LUIS BUÑUEL				1960s
74	Beau Travail	1999	CLAIRE DENIS				1990s
75	Amarcord	1973	FEDERICO FELLINI				1970s
76	Aguirre, the Wrath of God	1972	WERNER HERZOG				1970s
77	Sansho the Bailiff	1954	KENJI MIZOGUCHI				1950s
78	Chinatown	1974	ROMAN POLANSKI				1970s
79	The Third Man	1949	CAROL REED				1940s
80	Nashville	1975	ROBERT ALTMAN				1970s
81	The Wild Bunch	1969	SAM PECKINPAH				1960s
82	The Conformist	1970	BERNARDO BERTOLUCCI				1970s
83	A Man Escaped	1956	ROBERT BRESSON				1950s
84	The Spirit of the Beehive	1973	VÍCTOR ERICE				1970s
85	Sherlock Jr.	1924	BUSTER KEATON				1920s
86	The Seventh Seal	1957	INGMAR BERGMAN				1950s
87	Wild Strawberries	1957	INGMAR BERGMAN				1950s
88	Children of Paradise	1945	MARCEL CARNÉ				1940s
89	Ali: Fear Eats the Soul	1973	RAINER WERNER FASSBINDER				1970s
90	Come and See	1985	ELEM KLIMOV				1980s
91	The Apartment	1960	BILLY WILDER				1960s
92	A Brighter Summer Day	1991	EDWARD YANG				1990s
93	Un chien andalou	1929	LUIS BUÑUEL				1920s
94	Casablanca	1942	MICHAEL CURTIZ				1940s
95	The Magnificent Ambersons	1942	ORSON WELLES				1940s
96	La strada	1954	FEDERICO FELLINI				1950s
97	Last Year at Marienbad	1961	ALAIN RESNAIS				1960s
98	Blow-Up	1966	MICHELANGELO ANTONIONI				1960s
99	A Woman Under the Influence	1974	JOHN CASSAVETES				1970s
100	Touki Bouki	1973	DJIBRIL DIOP MAMBÉTY				1970s
101	The Color of Pomegranates	1969	SERGEI PARAJANOV				1960s
102	Grand Illusion	1937	JEAN RENOIR				1930s
103	The Travelling Players	1975	THEODOROS ANGELOPOULOS				1970s
104	L'argent	1983	ROBERT BRESSON				1980s
105	L'Age d'Or	1930	LUIS BUÑUEL				1930s
106	Vivre sa vie	1962	JEAN-LUC GODARD				1960s
107	The Tree of Life	2011	TERRENCE MALICK				2010s
108	The Gospel According to St. Matthew	1964	PIER PAOLO PASOLINI				1960s
109	The Life and Death of Colonel Blimp	1943	MICHAEL POWELL	EMERIC PRESSBURGER			1940s
110	Goodfellas	1990	MARTIN SCORSESE				1990s
111	Greed	1924	ERICH VON STROHEIM				1920s
112	Mouchette	1967	ROBERT BRESSON				1960s
113	Intolerance	1916	D.W. GRIFFITH				1910s
114	Dr. Strangelove or: How I Learned to Stop Worrying and Love the Bomb	1964	STANLEY KUBRICK				1960s
115	A Matter of Life and Death	1946	MICHAEL POWELL	EMERIC PRESSBURGER			1940s
116	A Day in the Country	1946	JEAN RENOIR				1940s
117	Don't Look Now	1973	NICOLAS ROEG				1970s
118	Imitation of Life	1959	DOUGLAS SIRK				1950s
119	Yi Yi	2000	EDWARD YANG				2000s
120	The Man Who Shot Liberty Valance	1962	JOHN FORD				1960s
121	2 or 3 Things I Know About Her	1967	JEAN-LUC GODARD				1960s
122	Hidden	2005	MICHAEL HANEKE				2000s
123	The Shining	1980	STANLEY KUBRICK				1980s
124	Trouble in Paradise	1932	ERNST LUBITSCH				1930s
125	Days of Heaven	1978	TERRENCE MALICK				1970s
126	The River	1951	JEAN RENOIR				1950s
127	Performance	1970	NICOLAS ROEG	DONALD CAMMELL			1970s
128	Wavelength	1967	MICHAEL SNOW				1960s
129	The Lady Eve	1941	PRESTON STURGES				1940s
130	Pulp Fiction	1994	QUENTIN TARANTINO				1990s
131	Jules and Jim	1962	FRANÇOIS TRUFFAUT				1960s
132	Annie Hall	1977	WOODY ALLEN				1970s
133	The Gold Rush	1925	CHARLIE CHAPLIN				1920s
134	Ivan the Terrible, Part I	1944	SERGEI EISENSTEIN				1940s
135	Ikiru	1952	AKIRA KUROSAWA				1950s
136	Do the Right Thing	1989	SPIKE LEE				1980s
137	The Earrings of Madame de...	1953	MAX OPHÜLS				1950s
138	Tropical Malady	2004	APICHATPONG WEERASETHAKUL				2000s
139	The Passenger	1975	MICHELANGELO ANTONIONI				1970s
140	Meshes of the Afternoon	1943	MAYA DEREN	ALEXANDER HAMMID			1940s
141	To Be or Not to Be	1942	ERNST LUBITSCH				1940s
142	Badlands	1973	TERRENCE MALICK				1970s
143	The Last Laugh	1924	F.W. MURNAU				1920s
144	Letter from an Unknown Woman	1948	MAX OPHÜLS				1940s
145	Hiroshima mon amour	1959	ALAIN RESNAIS				1950s
146	There Will Be Blood	2007	PAUL THOMAS ANDERSON				2000s
147	The Great Dictator	1940	CHARLIE CHAPLIN				1940s
148	Spring in a Small Town	1948	MU FEI				1940s
149	Napoléon	1927	ABEL GANCE				1920s
150	Memories of Underdevelopment	1968	TOMÁS GUTIÉRREZ ALEA				1960s
151	Bringing Up Baby	1938	HOWARD HAWKS				1930s
152	A City of Sadness	1989	HOU HSIAO-HSIEN				1980s
153	Three Colors: Blue	1993	KRZYSZTOF KIEŚLOWSKI				1990s
154	The Good, the Bad and the Ugly	1966	SERGIO LEONE				1960s
155	Nosferatu	1922	F.W. MURNAU				1920s
156	Salò, or the 120 Days of Sodom	1975	PIER PAOLO PASOLINI				1970s
157	Black Narcissus	1947	MICHAEL POWELL	EMERIC PRESSBURGER			1940s
158	The Red Shoes	1948	MICHAEL POWELL	EMERIC PRESSBURGER			1940s
159	Los olvidados	1950	LUIS BUÑUEL				1950s
160	Faces	1968	JOHN CASSAVETES				1960s
161	Husbands	1970	JOHN CASSAVETES				1970s
162	The Umbrellas of Cherbourg	1964	JACQUES DEMY				1960s
163	Vampyr	1932	CARL THEODOR DREYER				1930s
164	One Flew Over the Cuckoo's Nest	1975	MILOŠ FORMAN				1970s
165	A Clockwork Orange	1971	STANLEY KUBRICK				1970s
166	Once Upon a Time in America	1984	SERGIO LEONE				1980s
167	Kes	1969	KEN LOACH				1960s
168	Meet Me in St. Louis	1944	VINCENTE MINNELLI				1940s
169	A Canterbury Tale	1944	MICHAEL POWELL	EMERIC PRESSBURGER			1940s
170	Céline and Julie Go Boating	1974	JACQUES RIVETTE				1970s
171	E.T.: The Extra-Terrestrial	1982	STEVEN SPIELBERG				1980s
172	Werckmeister Harmonies	2000	BÉLA TARR	ÁGNES HRANITZKY			2000s
173	Breaking the Waves	1996	LARS VON TRIER				1990s
174	Chungking Express	1994	WONG KAR-WAI				1990s
175	Manhattan	1979	WOODY ALLEN				1970s
176	Cries and Whispers	1972	INGMAR BERGMAN				1970s
177	Hour of the Wolf	1968	INGMAR BERGMAN				1960s
178	Diary of a Country Priest	1951	ROBERT BRESSON				1950s
179	The Discreet Charm of the Bourgeoisie	1972	LUIS BUÑUEL				1970s
180	The Wizard of Oz	1939	VICTOR FLEMING	MERVYN LEROY	KING VIDOR		1930s
181	Brief Encounter	1945	DAVID LEAN				1940s
182	Rome, Open City	1945	ROBERTO ROSSELLINI				1940s
183	The Thin Red Line	1998	TERRENCE MALICK				1990s
184	Le samouraï	1967	JEAN-PIERRE MELVILLE				1960s
185	My Neighbor Totoro	1988	HAYAO MIYAZAKI				1980s
186	Solaris	1972	ANDREI TARKOVSKY				1970s
187	The Exterminating Angel	1962	LUIS BUÑUEL				1960s
188	The Grapes of Wrath	1940	JOHN FORD				1940s
189	Kind Hearts and Coronets	1949	ROBERT HAMER				1940s
190	I Am Cuba	1964	MIKHAIL KALATOZOV				1960s
191	Star Wars	1977	GEORGE LUCAS				1970s
192	Out 1	1971	SUZANNE SCHIFFMAN	JACQUES RIVETTE			1970s
193	Germany Year Zero	1948	ROBERTO ROSSELLINI				1940s
194	Jaws	1975	STEVEN SPIELBERG				1970s
195	The Turin Horse	2011	ÁGNES HRANITZKY	BÉLA TARR			2010s
196	Rocco and His Brothers	1960	LUCHINO VISCONTI				1960s
197	Marketa Lazarová	1967	FRANTIŠEK VLÁČIL				1960s
198	Uncle Boonmee Who Can Recall His Past Lives	2010	APICHATPONG WEERASETHAKUL				2010s
199	Chimes at Midnight	1965	ORSON WELLES				1960s
200	Belle de jour	1967	LUIS BUÑUEL				1960s
201	It's a Wonderful Life	1946	FRANK CAPRA				1940s
202	The Big Lebowski	1998	JOEL COEN	ETHAN COEN			1990s
203	King Kong	1933	MERIAN C. COOPER	ERNEST B. SCHOEDSACK			1930s
204	The Conversation	1974	FRANCIS FORD COPPOLA				1970s
205	Videodrome	1983	DAVID CRONENBERG				1980s
206	Distant Voices, Still Lives	1988	TERENCE DAVIES				1980s
207	Earth	1930	ALEKSANDR DOVZHENKO				1930s
208	NOW SHOWINGDay of Wrath	1943	CARL THEODOR DREYER				1940s
209	My Darling Clementine	1946	JOHN FORD				1940s
210	Only Angels Have Wings	1939	HOWARD HAWKS				1930s
211	Notorious	1946	ALFRED HITCHCOCK				1940s
212	Eraserhead	1977	DAVID LYNCH				1970s
213	Sweet Smell of Success	1957	ALEXANDER MACKENDRICK				1950s
214	The Life of Oharu	1952	KENJI MIZOGUCHI				1950s
215	The Story of the Last Chrysanthemums	1939	KENJI MIZOGUCHI				1930s
216	Tabu: A Story of the South Seas	1931	F.W. MURNAU				1930s
217	The Death of Mr. Lăzărescu	2005	CRISTI PUIU				2000s
218	In a Lonely Place	1950	NICHOLAS RAY				1950s
219	Out of the Past	1947	JACQUES TOURNEUR				1940s
220	Melancholia	2011	LARS VON TRIER				2010s
221	Zero For Conduct	1933	JEAN VIGO				1930s
222	The Piano	1993	JANE CAMPION				1990s
223	The Killing of a Chinese Bookie	1976	JOHN CASSAVETES				1970s
224	Love Streams	1984	JOHN CASSAVETES				1980s
225	Opening Night	1977	JOHN CASSAVETES				1970s
226	The Deer Hunter	1978	MICHAEL CIMINO				1970s
227	Umberto D.	1952	VITTORIO DE SICA				1950s
228	Berlin Alexanderplatz	1980	RAINER WERNER FASSBINDER				1980s
229	His Girl Friday	1940	HOWARD HAWKS				1940s
230	A Trip to the Moon	1902	GEORGES MÉLIÈS				1900s
231	Spirited Away	2001	HAYAO MIYAZAKI				2000s
232	The Thin Blue Line	1988	ERROL MORRIS				1980s
233	The Music Room	1958	SATYAJIT RAY				1950s
234	Paisan	1946	ROBERTO ROSSELLINI				1940s
235	Russian Ark	2002	ALEKSANDR SOKUROV				2000s
236	Ashes and Diamonds	1958	ANDRZEJ WAJDA				1950s
237	Crimes and Misdemeanors	1989	WOODY ALLEN				1980s
238	La notte	1961	MICHELANGELO ANTONIONI				1960s
239	The Devil, Probably	1977	ROBERT BRESSON				1970s
240	Killer of Sheep	1978	CHARLES BURNETT				1970s
241	Nights of Cabiria	1957	FEDERICO FELLINI				1950s
242	The White Ribbon	2009	MICHAEL HANEKE				2000s
243	The Big Sleep	1946	HOWARD HAWKS				1940s
244	Red River	1948	ARTHUR ROSSON	HOWARD HAWKS			1940s
245	The Texas Chainsaw Massacre	1974	TOBE HOOPER				1970s
246	The Puppetmaster	1993	HOU HSIAO-HSIEN				1990s
247	Listen to Britain	1942	HUMPHREY JENNINGS	STEWART MCALLISTER			1940s
248	Through the Olive Trees	1994	ABBAS KIAROSTAMI				1990s
249	Where Is the Friend's Home?	1987	ABBAS KIAROSTAMI				1980s
250	Three Colors: Red	1994	KRZYSZTOF KIEŚLOWSKI				1990s
251	Paths of Glory	1957	STANLEY KUBRICK				1950s
252	Wanda	1970	BARBARA LODEN				1970s
253	The Shop Around the Corner	1940	ERNST LUBITSCH				1940s
254	Army of Shadows	1969	JEAN-PIERRE MELVILLE				1960s
255	Floating Clouds	1955	MIKIO NARUSE				1950s
256	Tale of Tales	1979	YURIY NORSHTEYN				1970s
257	I Was Born, But...	1932	YASUJIRÔ OZU				1930s
258	Pandora's Box	1929	G.W. PABST				1920s
259	À nos amours	1983	MAURICE PIALAT				1980s
260	Rosemary's Baby	1968	ROMAN POLANSKI				1960s
261	Night and Fog	1956	ALAIN RESNAIS				1950s
262	My Night at Maud's	1969	ÉRIC ROHMER				1960s
263	Blissfully Yours	2002	APICHATPONG WEERASETHAKUL				2000s
264	Wings of Desire	1987	WIM WENDERS				1980s
265	Colossal Youth	2006	PEDRO COSTA				2000s
266	A Separation	2011	ASGHAR FARHADI				2010s
267	The House is Black	1963	FORUGH FARROKHZAD				1960s
268	In a Year with 13 Moons	1978	RAINER WERNER FASSBINDER				1970s
269	Nanook of the North	1922	ROBERT J. FLAHERTY				1920s
270	Gone with the Wind	1939	SAM WOOD	GEORGE CUKOR	VICTOR FLEMING		1930s
271	The Cloud-Capped Star	1960	RITWIK GHATAK				1960s
272	The Birds	1963	ALFRED HITCHCOCK				1960s
273	Marnie	1964	ALFRED HITCHCOCK				1960s
274	A Touch of Zen	1971	KING HU				1970s
275	The Double Life of Véronique	1991	KRZYSZTOF KIEŚLOWSKI				1990s
276	Ran	1985	AKIRA KUROSAWA				1980s
277	All About Eve	1950	JOSEPH L. MANKIEWICZ				1950s
278	Duck Soup	1933	LEO MCCAREY				1930s
279	I Know Where I’m Going!	1945	MICHAEL POWELL	EMERIC PRESSBURGER			1940s
280	Groundhog Day	1993	HAROLD RAMIS				1990s
281	Black God, White Devil	1964	GLAUBER ROCHA				1960s
282	The Green Ray	1986	ÉRIC ROHMER				1980s
283	Alien	1979	RIDLEY SCOTT				1970s
284	Ivan's Childhood	1962	ANDREI TARKOVSKY				1960s
285	Nostalghia	1983	ANDREI TARKOVSKY				1980s
286	Dogville	2003	LARS VON TRIER				2000s
287	Cléo from 5 to 7	1962	AGNÈS VARDA				1960s
288	The Celebration	1998	THOMAS VINTERBERG				1990s
289	Death in Venice	1971	LUCHINO VISCONTI				1970s
290	The Chelsea Girls	1966	ANDY WARHOL				1960s
291	F for Fake	1973	ORSON WELLES				1970s
292	Kings of the Road	1976	WIM WENDERS				1970s
293	Paris, Texas	1984	WIM WENDERS				1980s
294	The Cabinet of Dr. Caligari	1920	ROBERT WIENE				1920s
295	Happy Together	1997	WONG KAR-WAI				1990s
296	The Best Years of Our Lives	1946	WILLIAM WYLER				1940s
297	Magnolia	1999	PAUL THOMAS ANDERSON				1990s
298	Red Desert	1964	MICHELANGELO ANTONIONI				1960s
299	Shadows	1958	JOHN CASSAVETES				1950s
300	Daisies	1966	VĚRA CHYTILOVÁ				1960s
301	Fargo	1996	JOEL COEN	ETHAN COEN			1990s
302	Rosetta	1999	LUC DARDENNE	JEAN-PIERRE DARDENNE			1990s
303	Pyaasa	1957	GURU DUTT				1950s
304	October (Ten Days That Shook the World)	1927	GRIGORI ALEKSANDROV	SERGEI EISENSTEIN			1920s
305	The Quince Tree Sun	1992	VÍCTOR ERICE				1990s
306	How Green Was My Valley	1941	JOHN FORD				1940s
307	The Enigma of Kaspar Hauser	1974	WERNER HERZOG				1970s
308	Sicilia!	1999	JEAN-MARIE STRAUB	DANIÈLE HUILLET			1990s
309	Taste of Cherry	1997	ABBAS KIAROSTAMI				1990s
310	The Wind Will Carry Us	1999	ABBAS KIAROSTAMI				1990s
311	Throne of Blood	1957	AKIRA KUROSAWA				1950s
312	The Testament of Dr. Mabuse	1933	FRITZ LANG				1930s
313	The Band Wagon	1953	VINCENTE MINNELLI				1950s
314	An Autumn Afternoon	1962	YASUJIRÔ OZU				1960s
315	Shadows of Forgotten Ancestors	1964	SERGEI PARAJANOV				1960s
316	Johnny Guitar	1954	NICHOLAS RAY				1950s
317	The World of Apu	1959	SATYAJIT RAY				1950s
318	Walkabout	1971	NICOLAS ROEG				1970s
319	The Taking of Power by Louis XIV	1966	ROBERTO ROSSELLINI				1960s
320	Stromboli	1950	ROBERTO ROSSELLINI				1950s
321	WALL•E	2008	ANDREW STANTON				2000s
322	The Crowd	1928	KING VIDOR				1920s
323	Tie Xi Qu: West of the Tracks - Part 1: Rust	2002	WANG BING				2000s
324	All About My Mother	1999	PEDRO ALMODÓVAR				1990s
325	McCabe & Mrs. Miller	1971	ROBERT ALTMAN				1970s
326	If....	1968	LINDSAY ANDERSON				1960s
327	Landscape in the Mist	1988	THEODOROS ANGELOPOULOS				1980s
328	Il grido	1957	MICHELANGELO ANTONIONI				1950s
329	By the Bluest of Seas	1936	BORIS BARNET				1930s
330	The Last Picture Show	1971	PETER BOGDANOVICH				1970s
331	The Kid	1921	CHARLIE CHAPLIN				1920s
332	Brightness	1987	SOULEYMANE CISSÉ				1980s
333	The Young Girls of Rochefort	1967	JACQUES DEMY				1960s
334	Eyes Without a Face	1960	GEORGES FRANJU				1960s
335	The Quiet Man	1952	JOHN FORD				1950s
336	Stagecoach	1939	JOHN FORD				1930s
337	Wagon Master	1950	JOHN FORD				1950s
338	Nouvelle vague	1990	JEAN-LUC GODARD				1990s
339	Safe	1995	TODD HAYNES				1990s
340	Two-Lane Blacktop	1971	MONTE HELLMAN				1970s
341	Flowers of Shanghai	1998	HOU HSIAO-HSIEN				1990s
342	The Cranes Are Flying	1957	MIKHAIL KALATOZOV				1950s
343	The Decalogue	1989	KRZYSZTOF KIEŚLOWSKI				1980s
344	High and Low	1963	AKIRA KUROSAWA				1960s
345	Underground	1995	EMIR KUSTURICA				1990s
346	Inland Empire	2006	DAVID LYNCH				2000s
347	Lost Highway	1997	DAVID LYNCH				1990s
348	A Moment of Innocence	1996	MOHSEN MAKHMALBAF				1990s
349	Make Way for Tomorrow	1937	LEO MCCAREY				1930s
350	Le plaisir	1952	MAX OPHÜLS				1950s
351	Early Summer	1951	YASUJIRÔ OZU				1950s
352	Five Easy Pieces	1970	BOB RAFELSON				1970s
353	Koyaanisqatsi	1982	GODFREY REGGIO				1980s
354	Boudu Saved from Drowning	1932	JEAN RENOIR				1930s
355	The Crime of Monsieur Lange	1936	JEAN RENOIR				1930s
356	French Cancan	1955	JEAN RENOIR				1950s
357	Silent Light	2007	CARLOS REYGADAS				2000s
358	The King of Comedy	1982	MARTIN SCORSESE				1980s
359	Black Girl	1966	OUSMANE SEMBÈNE				1960s
360	Xala	1975	OUSMANE SEMBÈNE				1970s
361	All That Heaven Allows	1955	DOUGLAS SIRK				1950s
362	La région centrale	1971	MICHAEL SNOW				1970s
363	Sullivan’s Travels	1941	PRESTON STURGES				1940s
364	The Idiots	1998	LARS VON TRIER				1990s
365	Edvard Munch	1974	PETER WATKINS				1970s
366	The Lady from Shanghai	1947	ORSON WELLES				1940s
367	Double Indemnity	1944	BILLY WILDER				1940s
368	Days of Being Wild	1990	WONG KAR-WAI				1990s
369	Songs from the Second Floor	2000	ROY ANDERSSON				2000s
370	Scorpio Rising	1963	KENNETH ANGER				1960s
371	Scenes from a Marriage (Television Version)	1973	INGMAR BERGMAN				1970s
372	The Silence	1963	INGMAR BERGMAN				1960s
373	The Executioner	1963	LUIS GARCÍA BERLANGA				1960s
374	Freaks	1932	TOD BROWNING				1930s
375	Él	1953	LUIS BUÑUEL				1950s
376	Monsieur Verdoux	1947	CHARLIE CHAPLIN				1940s
377	The Innocents	1961	JACK CLAYTON				1960s
378	The Wages of Fear	1953	HENRI-GEORGES CLOUZOT				1950s
379	Beauty and the Beast	1946	JEAN COCTEAU	RENÉ CLÉMENT			1940s
380	Orpheus	1950	JEAN COCTEAU				1950s
381	Lola	1961	JACQUES DEMY				1960s
382	India Song	1975	MARGUERITE DURAS				1970s
383	Young Mr. Lincoln	1939	JOHN FORD				1930s
384	The Hour of the Furnaces	1968	FERNANDO E. SOLANAS	OCTAVIO GETINO			1960s
385	Alphaville	1965	JEAN-LUC GODARD				1960s
386	Numéro deux	1975	JEAN-LUC GODARD				1970s
387	Weekend	1967	JEAN-LUC GODARD				1960s
388	Broken Blossoms	1919	D.W. GRIFFITH				1910s
389	Code Unknown: Incomplete Tales of Several Journeys	2000	MICHAEL HANEKE				2000s
390	From the Clouds to the Resistance	1979	DANIÈLE HUILLET	JEAN-MARIE STRAUB			1970s
391	The Round-Up	1966	MIKLÓS JANCSÓ				1960s
392	Stranger Than Paradise	1984	JIM JARMUSCH				1980s
393	A Short Film About Killing	1988	KRZYSZTOF KIEŚLOWSKI				1980s
394	Dr. Mabuse: The Gambler	1922	FRITZ LANG				1920s
395	The Last Bolshevik	1993	CHRIS MARKER				1990s
396	An Affair to Remember	1957	LEO MCCAREY				1950s
397	Closely Watched Trains	1966	JIŘÍ MENZEL				1960s
398	The Graduate	1967	MIKE NICHOLS				1960s
399	The Sorrow and the Pity	1969	MARCEL OPHÜLS				1960s
400	In the Realm of the Senses	1976	NAGISA ÔSHIMA				1970s
401	The Tenant	1976	ROMAN POLANSKI				1970s
402	Charulata	1964	SATYAJIT RAY				1960s
403	Muriel, or The Time of Return	1963	ALAIN RESNAIS				1960s
404	Entranced Earth	1967	GLAUBER ROCHA				1960s
405	Salvatore Giuliano	1962	FRANCESCO ROSI				1960s
406	Europe '51	1952	ROBERTO ROSSELLINI				1950s
407	The Flowers of St. Francis	1950	ROBERTO ROSSELLINI				1950s
408	The Devils	1971	KEN RUSSELL				1970s
409	Mother and Son	1997	ALEKSANDR SOKUROV				1990s
410	Reservoir Dogs	1992	QUENTIN TARANTINO				1990s
411	The Sacrifice	1986	ANDREI TARKOVSKY				1980s
412	Woman in the Dunes	1964	HIROSHI TESHIGAHARA				1960s
413	Outer Space	1999	PETER TSCHERKASSKY				1990s
414	MUBI RENTAL	2003	GUS VAN SANT				2000s
415	The Matrix	1999	LILLY WACHOWSKI	LANA WACHOWSKI			1990s
416	Empire	1964	ANDY WARHOL				1960s
417	Possession	1981	ANDRZEJ ŻUŁAWSKI				1980s
418	Hannah and Her Sisters	1986	WOODY ALLEN				1980s
419	The Purple Rose of Cairo	1985	WOODY ALLEN				1980s
420	The Long Goodbye	1973	ROBERT ALTMAN				1970s
421	Short Cuts	1993	ROBERT ALTMAN				1990s
422	Winter Light	1963	INGMAR BERGMAN				1960s
423	Mothlight	1963	STAN BRAKHAGE				1960s
424	Land Without Bread	1933	LUIS BUÑUEL				1930s
425	That Obscure Object of Desire	1977	LUIS BUÑUEL				1970s
426	Tristana	1970	LUIS BUÑUEL				1970s
427	An Angel at My Table	1990	JANE CAMPION				1990s
428	Port of Shadows	1938	MARCEL CARNÉ				1930s
429	The Thing	1982	JOHN CARPENTER				1980s
430	Once Upon a Time in Anatolia	2011	NURI BILGE CEYLAN				2010s
431	A Woman of Paris	1923	CHARLIE CHAPLIN				1920s
432	Heaven's Gate	1980	MICHAEL CIMINO				1980s
433	Elephant	1989	ALAN CLARKE				1980s
434	Barton Fink	1991	JOEL COEN	ETHAN COEN			1990s
435	In Vanda's Room	2000	PEDRO COSTA				2000s
436	Dead Ringers	1988	DAVID CRONENBERG				1980s
437	The Son	2002	JEAN-PIERRE DARDENNE	LUC DARDENNE			2000s
438	Evolution of a Filipino Family	2005	LAV DIAZ				2000s
439	Fellini Satyricon	1969	FEDERICO FELLINI				1960s
440	My Friend Ivan Lapshin	1985	ALEKSEI GERMAN				1980s
441	Masculin Féminin	1966	JEAN-LUC GODARD				1960s
442	Passion	1982	JEAN-LUC GODARD				1980s
443	Eternal Sunshine of the Spotless Mind	2004	MICHEL GONDRY				2000s
444	The Birth of a Nation	1915	D.W. GRIFFITH				1910s
445	Hatari!	1962	HOWARD HAWKS				1960s
446	Fitzcarraldo	1982	WERNER HERZOG				1980s
447	The Treasure of the Sierra Madre	1948	JOHN HUSTON				1940s
448	Down by Law	1986	JIM JARMUSCH				1980s
449	NOW SHOWINGPlatform	2000	JIA ZHANGKE				2000s
450	The Holy Mountain	1973	ALEJANDRO JODOROWSKY				1970s
451	On the Waterfront	1954	ELIA KAZAN				1950s
452	Steamboat Bill Jr.	1928	BUSTER KEATON	CHARLES REISNER			1920s
453	After Life	1998	HIROKAZU KORE-EDA				1990s
454	Gummo	1997	HARMONY KORINE				1990s
455	Eyes Wide Shut	1999	STANLEY KUBRICK				1990s
456	Dersu Uzala	1975	AKIRA KUROSAWA				1970s
457	Kagemusha	1980	AKIRA KUROSAWA				1980s
458	The Tiger of Eschnapur	1959	FRITZ LANG				1950s
459	Naked	1993	MIKE LEIGH				1990s
460	Dog Day Afternoon	1975	SIDNEY LUMET				1970s
461	The Elephant Man	1980	DAVID LYNCH				1980s
462	WR: Mysteries of the Organism	1971	DUŠAN MAKAVEJEV				1970s
463	Au revoir les enfants	1987	LOUIS MALLE				1980s
464	Love Me Tonight	1932	ROUBEN MAMOULIAN				1930s
465	La ciénaga	2001	LUCRECIA MARTEL				2000s
466	The Headless Woman	2008	LUCRECIA MARTEL				2000s
467	The Awful Truth	1937	LEO MCCAREY				1930s
468	Le cercle rouge	1970	JEAN-PIERRE MELVILLE				1970s
469	Faust	1926	F.W. MURNAU				1920s
470	Water-mirror of Granada	1955	JOSÉ VAL DEL OMAR				1950s
471	Lola Montès	1955	MAX OPHÜLS				1950s
472	Teorema	1968	PIER PAOLO PASOLINI				1960s
473	Pat Garrett and Billy the Kid	1973	SAM PECKINPAH				1970s
474	Seasons of the Year	1975	ARTAVAZD PELESHIAN				1970s
475	Bonnie and Clyde	1967	ARTHUR PENN				1960s
476	Don't Look Back	1967	D.A. PENNEBAKER				1960s
477	Diary	1983	DAVID PERLOV				1980s
478	The Lusty Men	1952	NICHOLAS RAY	ROBERT PARRISH			1950s
479	They Live by Night	1948	NICHOLAS RAY				1940s
480	This Is Spinal Tap	1984	ROB REINER				1980s
481	Providence	1977	ALAIN RESNAIS				1970s
482	Dawn of the Dead	1978	GEORGE A. ROMERO				1970s
483	Casino	1995	MARTIN SCORSESE				1990s
484	Flaming Creatures	1963	JACK SMITH				1960s
485	Goodbye, Dragon Inn	2003	TSAI MING-LIANG				2000s
486	Vive l'amour	1994	TSAI MING-LIANG				1990s
487	Syndromes and a Century	2006	APICHATPONG WEERASETHAKUL				2000s
488	Picnic at Hanging Rock	1975	PETER WEIR				1970s
489	From the East	1993	CHANTAL AKERMAN				1990s
490	Kiss Me Deadly	1955	ROBERT ALDRICH				1950s
491	The Flower of My Secret	1995	PEDRO ALMODÓVAR				1990s
492	Talk to Her	2002	PEDRO ALMODÓVAR				2000s
493	Punch-Drunk Love	2002	PAUL THOMAS ANDERSON				2000s
494	Harold and Maude	1971	HAL ASHBY				1970s
495	Touchez pas au grisbi	1954	JACQUES BECKER				1950s
496	The Virgin Spring	1960	INGMAR BERGMAN				1960s
497	1900	1976	BERNARDO BERTOLUCCI				1970s
498	The Host	2006	BONG JOON-HO				2000s
499	7th Heaven	1927	FRANK BORZAGE				1920s
500	Dog Star Man: Part I	1962	STAN BRAKHAGE				1960s
501	Nazarin	1959	LUIS BUÑUEL				1950s
502	The Phantom of Liberty	1974	LUIS BUÑUEL				1970s
503	Simon of the Desert	1965	LUIS BUÑUEL				1960s
504	Avatar	2009	JAMES CAMERON				2000s
505	It Happened One Night	1934	FRANK CAPRA				1930s
506	Distant	2002	NURI BILGE CEYLAN				2000s
507	Cairo Station	1958	YOUSSEF CHAHINE				1950s
508	Limelight	1952	CHARLIE CHAPLIN				1950s
509	Farewell My Concubine	1993	CHEN KAIGE				1990s
510	Portrait of Jason	1967	SHIRLEY CLARKE				1960s
511	No Country for Old Men	2007	JOEL COEN	ETHAN COEN			2000s
512	A Star Is Born	1954	GEORGE CUKOR				1950s
513	The Intruder	2004	CLAIRE DENIS				2000s
514	White Material	2009	CLAIRE DENIS				2000s
515	Unforgiven	1992	CLINT EASTWOOD				1990s
516	The Party	1968	BLAKE EDWARDS				1960s
517	Veronika Voss	1982	RAINER WERNER FASSBINDER				1980s
518	Fellini's Roma	1972	FEDERICO FELLINI				1970s
519	I vitelloni	1953	FEDERICO FELLINI				1950s
520	NOW SHOWINGLes vampires	1915	LOUIS FEUILLADE				1910s
521	Zodiac	2007	DAVID FINCHER				2000s
522	Cabaret	1972	BOB FOSSE				1970s
523	Blood of the Beasts	1949	GEORGES FRANJU				1940s
524	The French Connection	1971	WILLIAM FRIEDKIN				1970s
525	Shock Corridor	1963	SAMUEL FULLER				1960s
526	L'enfant secret	1979	PHILIPPE GARREL				1970s
527	The Golden Thread	1965	RITWIK GHATAK				1960s
528	Reason, Debate and a Story	1974	RITWIK GHATAK				1970s
529	Brazil	1985	TERRY GILLIAM				1980s
530	Every Man for Himself	1980	JEAN-LUC GODARD				1980s
531	True Heart Susie	1919	D.W. GRIFFITH				1910s
532	The Road	1982	ŞERIF GÖREN	YILMAZ GÜNEY			1980s
533	Nostalgia for the Light	2010	PATRICIO GUZMÁN				2010s
534	Funny Games	1997	MICHAEL HANEKE				1990s
535	The Emperor's Naked Army Marches On	1987	KAZUO HARA				1980s
536	To Have and Have Not	1944	HOWARD HAWKS				1940s
537	Butch Cassidy and the Sundance Kid	1969	GEORGE ROY HILL				1960s
538	Easy Rider	1969	DENNIS HOPPER				1960s
539	A Time to Live and a Time to Die	1985	HOU HSIAO-HSIEN				1980s
540	Chronicle of Anna Magdalena Bach	1968	JEAN-MARIE STRAUB	DANIÈLE HUILLET			1960s
541	The Maltese Falcon	1941	JOHN HUSTON				1940s
542	A Tale of the Wind	1988	JORIS IVENS				1980s
543	Still Life	2006	JIA ZHANGKE				2000s
544	Synecdoche, New York	2008	CHARLIE KAUFMAN				2000s
545	The Match Factory Girl	1990	AKI KAURISMÄKI				1990s
546	Splendor in the Grass	1961	ELIA KAZAN				1960s
547	The Cameraman	1928	BUSTER KEATON	EDWARD SEDGWICK			1920s
548	Spring, Summer, Fall, Winter... and Spring	2003	KIM KI-DUK				2000s
549	Harakiri	1962	MASAKI KOBAYASHI				1960s
550	Wake in Fright	1971	TED KOTCHEFF				1970s
551	Arnulf Rainer	1960	PETER KUBELKA				1960s
552	Unsere Afrikareise	1966	PETER KUBELKA				1960s
553	The Bad Sleep Well	1960	AKIRA KUROSAWA				1960s
554	Dodes'ka-den	1970	AKIRA KUROSAWA				1970s
555	The Big Heat	1953	FRITZ LANG				1950s
556	Moonfleet	1955	FRITZ LANG				1950s
557	Spies	1928	FRITZ LANG				1920s
558	Toy Story	1995	JOHN LASSETER				1990s
559	Brokeback Mountain	2005	ANG LEE				2000s
560	Secrets & Lies	1996	MIKE LEIGH				1990s
561	The Ladies Man	1961	JERRY LEWIS				1960s
562	Dazed and Confused	1993	RICHARD LINKLATER				1990s
563	The Servant	1963	JOSEPH LOSEY				1960s
564	Workers Leaving the Lumière Factory	1895	LOUIS LUMIÈRE				1890s
565	Hyenas	1992	DJIBRIL DIOP MAMBÉTY				1990s
566	The Ghost and Mrs. Muir	1947	JOSEPH L. MANKIEWICZ				1940s
567	A Grin Without a Cat	1977	CHRIS MARKER				1970s
568	Gimme Shelter	1970	ALBERT MAYSLES	DAVID MAYSLES	CHARLOTTE ZWERIN		1970s
569	As I Was Moving Ahead Occasionally I Saw Brief Glimpses of Beauty	2000	JONAS MEKAS				2000s
570	Faster, Pussycat! Kill! Kill!	1965	RUSS MEYER				1960s
571	Some Came Running	1958	VINCENTE MINNELLI				1950s
572	Princess Mononoke	1997	HAYAO MIYAZAKI				1990s
573	To Kill a Mockingbird	1962	ROBERT MULLIGAN				1960s
574	4 Months, 3 Weeks and 2 Days	2007	CRISTIAN MUNGIU				2000s
575	Late Chrysanthemums	1954	MIKIO NARUSE				1950s
576	Equinox Flower	1958	YASUJIRÔ OZU				1950s
577	The Only Son	1936	YASUJIRÔ OZU				1930s
578	Cul-de-sac	1966	ROMAN POLANSKI				1960s
579	Repulsion	1965	ROMAN POLANSKI				1960s
580	Peeping Tom	1960	MICHAEL POWELL				1960s
581	Anatomy of a Murder	1959	OTTO PREMINGER				1950s
582	Night of the Living Dead	1968	GEORGE A. ROMERO				1960s
583	India: Matri Bhumi	1959	ROBERTO ROSSELLINI				1950s
584	Chronicle of a Summer	1961	JEAN ROUCH	EDGAR MORIN			1960s
585	Mysteries of Lisbon	2010	RAÚL RUIZ				2010s
586	Barren Lives	1963	NELSON PEREIRA DOS SANTOS				1960s
587	The Death of Maria Malibran	1972	WERNER SCHROETER				1970s
588	The Ascent	1977	LARISA SHEPITKO				1970s
589	Wings	1966	LARISA SHEPITKO				1960s
590	Written on the Wind	1956	DOUGLAS SIRK				1950s
591	Waiting for Happiness	2002	ABDERRAHMANE SISSAKO				2000s
592	The Wind	1928	VICTOR SJÖSTRÖM				1920s
593	Raiders of the Lost Ark	1981	STEVEN SPIELBERG				1980s
594	The Wedding March	1928	ERICH VON STROHEIM				1920s
595	M. Hulot's Holiday	1953	JACQUES TATI				1950s
596	Cinema Paradiso	1988	GIUSEPPE TORNATORE				1980s
597	Dancer in the Dark	2000	LARS VON TRIER				2000s
598	Shoot the Piano Player	1960	FRANÇOIS TRUFFAUT				1960s
599	The River	1997	TSAI MING-LIANG				1990s
600	Minamata: The Victims and Their World	1971	NORIAKI TSUCHIMOTO				1970s
601	Detour	1945	EDGAR G. ULMER				1940s
602	The Gleaners and I	2000	AGNÈS VARDA				2000s
603	La Terra Trema	1948	LUCHINO VISCONTI				1940s
604	Alice in the Cities	1974	WIM WENDERS				1970s
605	The Sound of Music	1965	ROBERT WISE				1960s
606	2046	2004	WONG KAR-WAI				2000s
607	Back to the Future	1985	ROBERT ZEMECKIS				1980s
608	Raise the Red Lantern	1991	ZHANG YIMOU				1990s
609	Rapture	1979	IVÁN ZULUETA				1970s
610	The Night of Counting the Years	1969	SHADI ABDEL SALAM				1960s
611	Head-On	2004	FATIH AKIN				2000s
612	Stardust Memories	1980	WOODY ALLEN				1980s
613	Zelig	1983	WOODY ALLEN				1980s
614	79 Springs	1969	SANTIAGO ÁLVAREZ				1960s
615	Zabriskie Point	1970	MICHELANGELO ANTONIONI				1970s
616	Suspiria	1977	DARIO ARGENTO				1970s
617	The Incredible Shrinking Man	1957	JACK ARNOLD				1950s
618	Requiem for a Dream	2000	DARREN ARONOFSKY				2000s
619	Valentin de las Sierras	1971	BRUCE BAILLIE				1970s
620	13 Lakes	2004	JAMES BENNING				2000s
621	The Hurt Locker	2008	KATHRYN BIGELOW				2000s
622	Point Blank	1967	JOHN BOORMAN				1960s
623	The Mortal Storm	1940	FRANK BORZAGE				1940s
624	Trainspotting	1996	DANNY BOYLE				1990s
625	The Act of Seeing with One's Own Eyes	1971	STAN BRAKHAGE				1970s
626	A Gentle Woman	1969	ROBERT BRESSON				1960s
627	Lancelot du Lac	1974	ROBERT BRESSON				1970s
628	The Milky Way	1969	LUIS BUÑUEL				1960s
629	Black Orpheus	1959	MARCEL CAMUS				1950s
630	The Lovers on the Bridge	1991	LÉOS CARAX				1990s
631	Le jour se lève	1939	MARCEL CARNÉ				1930s
632	The Hart of London	1970	JACK CHAMBERS				1970s
633	The Circus	1928	CHARLIE CHAPLIN				1920s
634	The Disenchantment	1976	JAIME CHÁVARRI				1970s
635	Yellow Earth	1984	CHEN KAIGE				1980s
636	Raising Arizona	1987	ETHAN COEN	JOEL COEN			1980s
637	A Movie	1958	BRUCE CONNER				1950s
638	Report	1967	BRUCE CONNER				1960s
639	Z	1969	COSTA-GAVRAS				1960s
640	Twenty Years Later	1984	EDUARDO COUTINHO				1980s
641	The Long Day Closes	1992	TERENCE DAVIES				1990s
642	Scarface	1983	BRIAN DE PALMA				1980s
643	Miracle in Milan	1951	VITTORIO DE SICA				1950s
644	Melancholia	2008	LAV DIAZ				2000s
645	The Lives of Others	2006	FLORIAN HENCKEL VON DONNERSMARCK				2000s
646	Humanité	1999	BRUNO DUMONT				1990s
647	Kaagaz Ke Phool	1959	GURU DUTT				1950s
648	Life Dances On	1937	JULIEN DUVIVIER				1930s
649	Exotica	1994	ATOM EGOYAN				1990s
650	The Bitter Tears of Petra von Kant	1972	RAINER WERNER FASSBINDER				1970s
651	The Marriage of Maria Braun	1978	RAINER WERNER FASSBINDER				1970s
652	The Social Network	2010	DAVID FINCHER				2010s
653	Man of Aran	1934	ROBERT J. FLAHERTY				1930s
654	7 Women	1966	JOHN FORD				1960s
655	Fort Apache	1948	JOHN FORD				1940s
656	The Sun Shines Bright	1953	JOHN FORD				1950s
657	They Were Expendable	1945	JOHN FORD				1940s
658	The Wings of Eagles	1957	JOHN FORD				1950s
659	All That Jazz	1979	BOB FOSSE				1970s
660	Zorns Lemma	1970	HOLLIS FRAMPTON				1970s
661	The Exorcist	1973	WILLIAM FRIEDKIN				1970s
662	The Wheel	1923	ABEL GANCE				1920s
663	Band of Outsiders	1964	JEAN-LUC GODARD				1960s
664	Puissance de la parole	1988	JEAN-LUC GODARD				1980s
665	Tout va bien	1972	JEAN-LUC GODARD	JEAN-PIERRE GORIN	GROUPE DZIGA VERTOV		1970s
666	NOW SHOWINGIn the City of Sylvia	2007	JOSÉ LUIS GUERÍN				2000s
667	The Battle of Chile	1979	PATRICIO GUZMÁN				1970s
668	Bambi	1942	DAVID HAND	JAMES ALGAR	SAMUEL ARMSTRONG & 4 OTHERS		1940s
669	Snow White and the Seven Dwarfs	1937	WILLIAM COTTRELL	DAVID HAND	WILFRED JACKSON & 4 OTHERS		1930s
670	The Piano Teacher	2001	MICHAEL HANEKE				2000s
671	The Great Ecstasy of Woodcarver Steiner	1974	WERNER HERZOG				1970s
672	Shadow of a Doubt	1943	ALFRED HITCHCOCK				1940s
673	Strangers on a Train	1951	ALFRED HITCHCOCK				1950s
674	Dust in the Wind	1986	HOU HSIAO-HSIEN				1980s
675	Millennium Mambo	2001	HOU HSIAO-HSIEN				2000s
676	Not Reconciled, Or Only Violence Helps Where Violence Rules	1965	JEAN-MARIE STRAUB				1960s
677	Too Early, Too Late	1982	JEAN-MARIE STRAUB	DANIÈLE HUILLET			1980s
678	The Asphalt Jungle	1950	JOHN HUSTON				1950s
679	The Dead	1987	JOHN HUSTON				1980s
680	The Misfits	1961	JOHN HUSTON				1960s
681	The Ballad of Narayama	1983	SHÔHEI IMAMURA				1980s
682	The Insect Woman	1963	SHÔHEI IMAMURA				1960s
683	Vengeance Is Mine	1979	SHÔHEI IMAMURA				1970s
684	Little Stabs at Happiness	1963	KEN JACOBS				1960s
685	Blue	1993	DEREK JARMAN				1990s
686	Amélie	2001	JEAN-PIERRE JEUNET				2000s
687	El topo	1970	ALEJANDRO JODOROWSKY				1970s
688	Duck Amuck	1953	CHUCK JONES				1950s
689	Life of Brian	1979	TERRY JONES				1970s
690	Star Wars: Episode V - The Empire Strikes Back	1980	IRVIN KERSHNER				1980s
691	La Haine	1995	MATHIEU KASSOVITZ				1990s
692	Le Havre	2011	AKI KAURISMÄKI				2010s
693	East of Eden	1955	ELIA KAZAN				1950s
694	Our Hospitality	1923	BUSTER KEATON	JOHN G. BLYSTONE			1920s
695	10	2002	ABBAS KIAROSTAMI				2000s
696	Hamlet	1964	GRIGORI KOZINTSEV				1960s
697	Milestones	1975	ROBERT KRAMER	JOHN DOUGLAS			1970s
698	Route One/USA	1989	ROBERT KRAMER				1980s
699	Schwechater	1958	PETER KUBELKA				1950s
700	The Killing	1956	STANLEY KUBRICK				1950s
701	Yojimbo	1961	AKIRA KUROSAWA				1960s
702	Time of the Gypsies	1988	EMIR KUSTURICA				1980s
703	The Red Balloon	1956	ALBERT LAMORISSE				1950s
704	Great Expectations	1946	DAVID LEAN				1940s
705	Ryan's Daughter	1970	DAVID LEAN				1970s
706	Crouching Tiger, Hidden Dragon	2000	ANG LEE				2000s
707	Topsy-Turvy	1999	MIKE LEIGH				1990s
708	Random Harvest	1942	MERVYN LEROY				1940s
709	Extraordinary Stories	2008	MARIANO LLINÁS				2000s
710	Angel	1937	ERNST LUBITSCH				1930s
711	12 Angry Men	1957	SIDNEY LUMET				1950s
712	Network	1976	SIDNEY LUMET				1970s
713	Twin Peaks: Fire Walk with Me	1992	DAVID LYNCH				1990s
714	Children of Heaven	1997	MAJID MAJIDI				1990s
715	The Battle of the Somme	1916	GEOFFREY H. MALINS	J.B. MCDOWELL			1910s
716	Before the Rain	1994	MILČO MANČEVSKI				1990s
717	Heat	1995	MICHAEL MANN				1990s
718	The Insider	1999	MICHAEL MANN				1990s
719	Genius	1970	GREGORY J. MARKOPOULOS				1970s
720	Man on Wire	2008	JAMES MARSH				2000s
721	Grey Gardens	1975	MUFFIE MEYER	ELLEN HOVDE	DAVID MAYSLES	ALBERT MAYSLES	1970s
722	Salesman	1969	ALBERT MAYSLES	CHARLOTTE ZWERIN	DAVID MAYSLES		1960s
723	Hunger	2008	STEVE MCQUEEN				2000s
724	City of God	2002	KÁTIA LUND	FERNANDO MEIRELLES			2000s
725	Walden	1969	JONAS MEKAS				1960s
726	Le deuxième souffle	1966	JEAN-PIERRE MELVILLE				1960s
727	The 47 Ronin	1941	KENJI MIZOGUCHI				1940s
728	Red Wood Pigeon	1989	NANNI MORETTI				1980s
729	When a Woman Ascends the Stairs	1960	MIKIO NARUSE				1960s
730	Irreversible	2002	GASPAR NOÉ				2000s
731	Abraham's Valley	1993	MANOEL DE OLIVEIRA				1990s
732	Doomed Love	1978	MANOEL DE OLIVEIRA				1970s
733	Il posto	1961	ERMANNO OLMI				1960s
734	The Tree of Wooden Clogs	1978	ERMANNO OLMI				1970s
735	The End of Summer	1961	YASUJIRÔ OZU				1960s
736	Floating Weeds	1959	YASUJIRÔ OZU				1950s
737	Good Morning	1959	YASUJIRÔ OZU				1950s
738	Oldboy	2003	PARK CHAN-WOOK				2000s
739	Accattone	1961	PIER PAOLO PASOLINI				1960s
740	Arabian Nights	1974	PIER PAOLO PASOLINI				1970s
741	Hawks and Sparrows	1966	PIER PAOLO PASOLINI				1960s
742	Oedipus Rex	1967	PIER PAOLO PASOLINI				1960s
743	The Swimmer	1968	FRANK PERRY	SYDNEY POLLACK			1960s
744	Naked Childhood	1968	MAURICE PIALAT				1960s
745	The House in the Woods	1971	MAURICE PIALAT				1970s
746	We Won't Grow Old Together	1972	MAURICE PIALAT				1970s
747	Tootsie	1982	SYDNEY POLLACK				1980s
748	Orlando	1992	SALLY POTTER				1990s
749	Bigger Than Life	1956	NICHOLAS RAY				1950s
750	La bête humaine	1938	JEAN RENOIR				1930s
751	Night at the Crossroads	1932	JEAN RENOIR				1930s
752	Triumph of the Will	1935	LENI RIEFENSTAHL				1930s
753	La Belle Noiseuse	1991	JACQUES RIVETTE				1990s
754	Withnail & I	1987	BRUCE ROBINSON				1980s
755	The Age of the Earth	1980	GLAUBER ROCHA				1980s
756	Antônio das Mortes	1969	GLAUBER ROCHA				1960s
757	Bad Timing	1980	NICOLAS ROEG				1980s
758	Moi, un noir	1958	JEAN ROUCH				1950s
759	Lone Star	1996	JOHN SAYLES				1990s
760	Midnight Cowboy	1969	JOHN SCHLESINGER				1960s
761	The Tin Drum	1979	VOLKER SCHLÖNDORFF				1970s
762	NOW SHOWINGHugo	2011	MARTIN SCORSESE				2010s
763	Mean Streets	1973	MARTIN SCORSESE				1970s
764	New York, New York	1977	MARTIN SCORSESE				1970s
765	Ceddo	1977	OUSMANE SEMBÈNE				1970s
766	Fantasia	1940	JAMES ALGAR	SAMUEL ARMSTRONG	FORD BEEBE & 8 OTHERS		1940s
767	A Man There Was	1917	VICTOR SJÖSTRÖM				1910s
768	Blight	1996	JOHN SMITH				1990s
769	The Second Circle	1990	ALEKSANDR SOKUROV				1990s
770	Spiritual Voices	1995	ALEKSANDR SOKUROV				1990s
771	Lucía	1968	HUMBERTO SOLÁS				1960s
772	A.I. Artificial Intelligence	2001	STEVEN SPIELBERG				2000s
773	Close Encounters of the Third Kind	1977	STEVEN SPIELBERG				1970s
774	Anatahan	1953	JOSEF VON STERNBERG				1950s
775	The Scarlet Empress	1934	JOSEF VON STERNBERG				1930s
776	Shanghai Express	1932	JOSEF VON STERNBERG				1930s
777	Shane	1953	GEORGE STEVENS				1950s
778	The Palm Beach Story	1942	PRESTON STURGES				1940s
779	Chronicle of a Disappearance	1996	ELIA SULEIMAN				1990s
780	Divine Intervention	2002	ELIA SULEIMAN				2000s
781	Branded to Kill	1967	SEIJUN SUZUKI				1960s
782	Alice	1988	JAN ŠVANKMAJER				1980s
783	Our Hitler: A Film from Germany	1977	HANS-JÜRGEN SYBERBERG				1970s
784	Mon oncle	1958	JACQUES TATI				1950s
785	My Own Private Idaho	1991	GUS VAN SANT				1990s
786	Le bonheur	1965	AGNÈS VARDA				1960s
787	The Damned	1969	LUCHINO VISCONTI				1960s
788	Ludwig	1973	LUCHINO VISCONTI				1970s
789	Ossessione	1943	LUCHINO VISCONTI				1940s
790	Witness	1985	PETER WEIR				1980s
791	Bride of Frankenstein	1935	JAMES WHALE				1930s
792	One, Two, Three	1961	BILLY WILDER				1960s
793	West Side Story	1961	JEROME ROBBINS	ROBERT WISE			1960s
794	Titicut Follies	1967	FREDERICK WISEMAN				1960s
795	Ben-Hur	1959	WILLIAM WYLER				1950s
796	Humanity and Paper Balloons	1937	SADAO YAMANAKA				1930s
797	Taipei Story	1985	EDWARD YANG				1980s
798	Hero	2002	ZHANG YIMOU				2000s
799	Ju Dou	1990	ZHANG YIMOU	YANG FENGLIANG			1990s
800	The Story of Qiu Ju	1992	ZHANG YIMOU				1990s
801	The Return	2003	ANDREY ZVYAGINTSEV				2000s
802	Under the Skin	1997	CARINE ADLER				1990s
803	The Captive	2000	CHANTAL AKERMAN				2000s
804	News From Home	1977	CHANTAL AKERMAN				1970s
805	Take the Money and Run	1969	WOODY ALLEN				1960s
806	Volver	2006	PEDRO ALMODÓVAR				2000s
807	Women on the Verge of a Nervous Breakdown	1988	PEDRO ALMODÓVAR				1980s
808	La libertad	2001	LISANDRO ALONSO				2000s
809	3 Women	1977	ROBERT ALTMAN				1970s
810	Pakeezah	1972	KAMAL AMROHI				1970s
811	O Lucky Man!	1973	LINDSAY ANDERSON				1970s
812	This Sporting Life	1963	LINDSAY ANDERSON				1960s
813	Boogie Nights	1997	PAUL THOMAS ANDERSON				1990s
814	The Royal Tenenbaums	2001	WES ANDERSON				2000s
815	A Swedish Love Story	1970	ROY ANDERSSON				1970s
816	You, the Living	2007	ROY ANDERSSON				2000s
817	In the Year of the Pig	1968	EMILE DE ANTONIO				1960s
818	The Bogeyman	1979	GOVINDAN ARAVINDAN				1970s
819	Black Swan	2010	DARREN ARONOFSKY				2010s
820	Being There	1979	HAL ASHBY				1970s
821	A Prophet	2009	JACQUES AUDIARD				2000s
822	All My Life	1966	BRUCE BAILLIE				1960s
823	Mass for the Dakota Sioux	1964	BRUCE BAILLIE				1960s
824	The Arbor	2010	CLIO BARNARD				2010s
825	The House on Trubnaya Square	1928	BORIS BARNET				1920s
826	From the Notebook of...	1971	ROBERT BEAVERS				1970s
827	Ruskin	1997	ROBERT BEAVERS				1990s
828	Paris Frills	1945	JACQUES BECKER				1940s
829	Kramer vs. Kramer	1979	ROBERT BENTON				1970s
830	Prison	1949	INGMAR BERGMAN				1940s
831	Shame	1968	INGMAR BERGMAN				1960s
832	Smiles of a Summer Night	1955	INGMAR BERGMAN				1950s
833	Summer with Monika	1953	INGMAR BERGMAN				1950s
834	Gold Diggers of 1933	1933	MERVYN LEROY				1930s
835	City After Dark	1980	ISHMAEL BERNAL				1980s
836	Last Tango in Paris	1972	BERNARDO BERTOLUCCI				1970s
837	Le théâtre des matières	1977	JEAN-CLAUDE BIETTE				1970s
838	Going Places	1974	BERTRAND BLIER				1970s
839	Memories of Murder	2003	BONG JOON-HO				2000s
840	Deliverance	1972	JOHN BOORMAN				1970s
841	Born in Flames	1983	LIZZIE BORDEN				1980s
842	Man's Castle	1933	FRANK BORZAGE				1930s
843	Sundays and Cybele	1962	SERGE BOURGUIGNON				1960s
844	Anticipation of the Night	1958	STAN BRAKHAGE				1950s
845	Window Water Baby Moving	1959	STAN BRAKHAGE				1950s
846	Les dames du Bois de Boulogne	1945	ROBERT BRESSON				1940s
847	The Trial of Joan of Arc	1962	ROBERT BRESSON				1960s
848	Sound and Fury	1988	JEAN-CLAUDE BRISSEAU				1980s
849	The Producers	1967	MEL BROOKS				1960s
850	Young Frankenstein	1974	MEL BROOKS				1970s
851	Germany in Autumn	1978	VOLKER SCHLÖNDORFF	KATJA RUPÉ	BEATE MAINKA-JELLINGHAUS & 8 OTHERS		1970s
852	The Criminal Life of Archibaldo de la Cruz	1955	LUIS BUÑUEL				1950s
853	Sweeney Todd: The Demon Barber of Fleet Street	2007	TIM BURTON				2000s
854	The Terminator	1984	JAMES CAMERON				1980s
855	Titanic	1997	JAMES CAMERON				1990s
856	Sweetie	1989	JANE CAMPION				1980s
857	Assault on Precinct 13	1976	JOHN CARPENTER				1970s
858	The Fog	1980	JOHN CARPENTER				1980s
859	Police Story	1985	JACKIE CHAN				1980s
860	Borat	2006	LARRY CHARLES				2000s
861	The Brave Heart Will Take the Bride	1995	ADITYA CHOPRA				1990s
862	Room at the Top	1959	JACK CLAYTON				1950s
863	Le Corbeau	1943	HENRI-GEORGES CLOUZOT				1940s
864	Diabolique	1955	HENRI-GEORGES CLOUZOT				1950s
865	Miller's Crossing	1990	JOEL COEN	ETHAN COEN			1990s
866	Cosmic Ray	1962	BRUCE CONNER				1960s
867	Rose Hobart	1936	JOSEPH CORNELL				1930s
868	A History of Violence	2005	DAVID CRONENBERG				2000s
869	The Philadelphia Story	1940	GEORGE CUKOR				1940s
870	L'enfant	2005	LUC DARDENNE	JEAN-PIERRE DARDENNE			2000s
871	Carrie	1976	BRIAN DE PALMA				1970s
872	Raising Cain	1992	BRIAN DE PALMA				1990s
873	The Truth About Bebe Donge	1952	HENRI DECOIN				1950s
874	Pan's Labyrinth	2006	GUILLERMO DEL TORO				2000s
875	Samson and Delilah	1949	CECIL B. DEMILLE				1940s
876	35 Shots of Rum	2008	CLAIRE DENIS				2000s
877	News Items	1983	RAYMOND DEPARDON				1980s
878	Modern Life	2008	RAYMOND DEPARDON				2000s
879	Up	2009	BOB PETERSON	PETE DOCTER			2000s
880	My Childhood	1972	BILL DOUGLAS				1970s
881	Kuhle Wampe or Who Owns the World?	1932	SLATAN DUDOW				1930s
882	Yellow Submarine	1968	DENNIS ABEY	GEORGE DUNNING			1960s
883	Son nom de Venise dans Calcutta désert	1976	MARGUERITE DURAS				1970s
884	Million Dollar Baby	2004	CLINT EASTWOOD				2000s
885	The Outlaw Josey Wales	1976	CLINT EASTWOOD				1970s
886	A Perfect World	1993	CLINT EASTWOOD				1990s
887	Breakfast at Tiffany's	1961	BLAKE EDWARDS				1960s
888	Strike	1925	SERGEI EISENSTEIN				1920s
889	The Fall of the House of Usher	1928	JEAN EPSTEIN				1920s
890	La morte rouge	2006	VÍCTOR ERICE				2000s
891	Facing the Judgment of History	1965	FRIDRIKH ERMLER				1960s
892	My Little Loves	1974	JEAN EUSTACHE				1970s
893	Images of the World and the Inscription of War	1989	HARUN FAROCKI				1980s
894	Videograms of a Revolution	1992	ANDREI UJICĂ	HARUN FAROCKI			1990s
895	Beware of a Holy Whore	1971	RAINER WERNER FASSBINDER				1970s
896	Querelle	1982	RAINER WERNER FASSBINDER				1980s
897	Fantômas	1913	LOUIS FEUILLADE				1910s
898	Fight Club	1999	DAVID FINCHER				1990s
899	Dracula	1958	TERENCE FISHER				1950s
900	Louisiana Story	1948	ROBERT J. FLAHERTY				1940s
901	Bimbo's Initiation	1931	DAVE FLEISCHER				1930s
902	Cheyenne Autumn	1964	JOHN FORD				1960s
903	The Informer	1935	JOHN FORD				1930s
904	Rio Grande	1950	JOHN FORD				1950s
905	She Wore a Yellow Ribbon	1949	JOHN FORD				1940s
906	The Firemen's Ball	1967	MILOŠ FORMAN				1960s
907	A Blonde in Love	1965	MILOŠ FORMAN				1960s
908	Local Hero	1983	BILL FORSYTH				1980s
909	(nostalgia)	1971	HOLLIS FRAMPTON				1970s
910	Cocksucker Blues	1972	ROBERT FRANK				1970s
911	The Manchurian Candidate	1962	JOHN FRANKENHEIMER				1960s
912	Baraka	1992	RON FRICKE				1990s
913	Sorcerer	1977	WILLIAM FRIEDKIN				1970s
914	Forest of Bliss	1986	ROBERT GARDNER				1980s
915	Regular Lovers	2005	PHILIPPE GARREL				2000s
916	Teza	2008	HAILE GERIMA				2000s
917	Film Socialisme	2010	JEAN-LUC GODARD				2010s
918	First Name: Carmen	1983	JEAN-LUC GODARD				1980s
919	Germany Year 90 Nine Zero	1991	JEAN-LUC GODARD				1990s
920	Here and Elsewhere	1976	ANNE-MARIE MIÉVILLE	GROUPE DZIGA VERTOV	JEAN-PIERRE GORIN	JEAN-LUC GODARD	1970s
921	NOW SHOWINGA Woman Is a Woman	1961	JEAN-LUC GODARD				1960s
922	Two Lovers	2008	JAMES GRAY				2000s
923	The Bridge of Arts	2004	EUGÈNE GREEN				2000s
924	The Draughtsman's Contract	1982	PETER GREENAWAY				1980s
925	Anna	1975	MASSIMO SARCHIELLI	ALBERTO GRIFI			1970s
926	Disperse Exclamatory Phase	1965	GIANFRANCO BARUCHELLO	ALBERTO GRIFI			1960s
927	The Country Doctor	1909	D.W. GRIFFITH				1900s
928	Isn't Life Wonderful	1924	D.W. GRIFFITH				1920s
929	Living on the Edge	1987	MICHAEL GRIGSBY				1980s
930	Our Daily Bread	2005	NIKOLAUS GEYRHALTER				2000s
931	Amour	2012	MICHAEL HANEKE				2010s
932	The Seventh Continent	1989	MICHAEL HANEKE				1980s
933	Dry Season	2006	MAHAMAT-SALEH HAROUN				2000s
934	The Hour-Glass Sanatorium	1973	WOJCIECH HAS				1970s
935	How to Be Loved	1962	WOJCIECH HAS				1960s
936	El Dorado	1967	HOWARD HAWKS				1960s
937	Far From Heaven	2002	TODD HAYNES				2000s
938	Road to Nowhere	2010	MONTE HELLMAN				2010s
939	Even Dwarfs Started Small	1970	WERNER HERZOG				1970s
940	Fata Morgana	1971	WERNER HERZOG				1970s
941	The Lady Vanishes	1938	ALFRED HITCHCOCK				1930s
942	The Last Movie	1971	DENNIS HOPPER				1970s
943	Café Lumière	2003	HOU HSIAO-HSIEN				2000s
944	The Breakfast Club	1985	JOHN HUGHES				1980s
945	Ferris Bueller's Day Off	1986	JOHN HUGHES				1980s
946	Cézanne	1989	JEAN-MARIE STRAUB	DANIÈLE HUILLET			1980s
947	Eyes Do Not Want to Close at All Times, or, Perhaps One Day Rome Will Allow Herself to Choose in Her Turn	1970	JEAN-MARIE STRAUB	DANIÈLE HUILLET			1970s
948	History Lessons	1972	DANIÈLE HUILLET	JEAN-MARIE STRAUB			1970s
949	Cyclo	1995	TRẦN ANH HÙNG				1990s
950	Dialogue With a Woman Departed	1980	LEO HURWITZ				1980s
951	Under the Volcano	1984	JOHN HUSTON				1980s
952	Wise Blood	1979	JOHN HUSTON				1970s
953	Mandara	1981	IM KWON-TAEK				1980s
954	Amores perros	2000	ALEJANDRO GONZÁLEZ IÑÁRRITU				2000s
955	Rain	1929	JORIS IVENS	MANNUS FRANKEN			1920s
956	Hoop Dreams	1994	STEVE JAMES				1990s
957	Dead Man	1995	JIM JARMUSCH				1990s
958	NOW SHOWINGNight on Earth	1991	JIM JARMUSCH				1990s
959	The Red and the White	1967	MIKLÓS JANCSÓ				1960s
960	A Diary for Timothy	1945	HUMPHREY JENNINGS				1940s
961	Fires Were Started	1943	HUMPHREY JENNINGS				1940s
962	Spare Time	1939	HUMPHREY JENNINGS				1930s
963	Unknown Pleasures	2002	JIA ZHANGKE				2000s
964	The World	2004	JIA ZHANGKE				2000s
965	Santa sangre	1989	ALEJANDRO JODOROWSKY				1980s
966	Mother Joan of the Angels	1961	JERZY KAWALEROWICZ				1960s
967	Shara	2003	NAOMI KAWASE				2000s
968	The Navigator	1924	DONALD CRISP	BUSTER KEATON			1920s
969	Seven Chances	1925	BUSTER KEATON				1920s
970	London	1994	PATRICK KEILLER				1990s
971	Mother India	1957	MEHBOOB KHAN				1950s
972	I Am Twenty	1965	MARLEN KHUTSIEV				1960s
973	Certified Copy	2010	ABBAS KIAROSTAMI				2010s
974	A Short Film About Love	1988	KRZYSZTOF KIEŚLOWSKI				1980s
975	The Housemaid	1960	KIM KI-YOUNG				1960s
976	A Page of Madness	1926	TEINOSUKE KINUGASA				1920s
977	Fireworks	1997	TAKESHI KITANO				1990s
978	The Human Condition	1959	MASAKI KOBAYASHI				1950s
979	Kwaidan	1964	MASAKI KOBAYASHI				1960s
980	Adebar	1957	PETER KUBELKA				1950s
981	Full Metal Jacket	1987	STANLEY KUBRICK				1980s
982	Lolita	1962	STANLEY KUBRICK				1960s
983	Weather Diary 3	1988	GEORGE KUCHAR				1980s
984	Atanarjuat: The Fast Runner	2001	ZACHARIAS KUNUK				2000s
985	L'argent	1928	MARCEL L'HERBIER				1920s
986	My Man Godfrey	1936	GREGORY LA CAVA				1930s
987	Toy Story 2	1999	JOHN LASSETER	ASH BRANNON	LEE UNKRICH		1990s
988	Doctor Zhivago	1965	DAVID LEAN				1960s
989	Secret Sunshine	2007	LEE CHANG-DONG				2000s
990	A Hard Day's Night	1964	RICHARD LESTER				1960s
991	The Patsy	1964	JERRY LEWIS				1960s
992	Before Sunset	2004	RICHARD LINKLATER				2000s
993	Paris Is Burning	1990	JENNIE LIVINGSTON				1990s
994	Land and Freedom	1995	KEN LOACH				1990s
995	The Atomic Cafe	1982	PIERCE RAFFERTY	KEVIN RAFFERTY	JAYNE LOADER		1980s
996	The Go-Between	1971	JOSEPH LOSEY				1970s
997	Cluny Brown	1946	ERNST LUBITSCH				1940s
998	Lady Windermere's Fan	1925	ERNST LUBITSCH				1920s
999	The Merry Widow	1934	ERNST LUBITSCH				1930s
1000	Moulin Rouge!	2001	BAZ LUHRMANN				2000s
